{
  "0": {
    "day": 0,
    "value_day": 0,
    "lower": 0.0,
    "upper": 4.0
  },
  "5": {
    "day": 5,
    "value_day": 6.0,
    "lower": 0.9841344855522549,
    "upper": 5.01816095058061
  },
  "9": {
    "day": 9,
    "value_day": 9.0,
    "lower": 1.5714454496354306,
    "upper": 5.64800499594923
  },
  "22": {
    "day": 22,
    "value_day": 26.0,
    "lower": 6.098906292195517,
    "upper": 10.737847691061301
  },
  "37": {
    "day": 37,
    "value_day": 38.0,
    "lower": 10.522346745881716,
    "upper": 15.887186065352417
  },
  "51": {
    "day": 51,
    "value_day": 50.0,
    "lower": 15.9617202268431,
    "upper": 22.32466918714556
  },
  "72": {
    "day": 72,
    "value_day": 62.0,
    "lower": 22.417026735079663,
    "upper": 30.050297056440726
  },
  "93": {
    "day": 93,
    "value_day": 74.0,
    "lower": 29.888266270591416,
    "upper": 39.06406967323792
  },
  "128": {
    "day": 128,
    "value_day": 86.0,
    "lower": 38.37543883337834,
    "upper": 49.36598703753714
  },
  "138": {
    "day": 138,
    "value_day": 92.0,
    "lower": 43.0,
    "upper": 55.0
  }
}